{
  "data":[
    {
      "id":1,
      "img":"../../assets/a-1.png",
      "title":"金蒜蒸丝瓜",
      "subtitle":"富含维生素，清热解暑"
    },
    {
      "id":2,
      "img":"../../assets/a-2.png",
      "title":"酱蒸排骨",
      "subtitle":"富含优质蛋白，多吃健脾胃"
    },
    {
      "id":3,
      "img":"../../assets/a-3.png",
      "title":"黄瓜水晶凉皮",
      "subtitle":"富含碳水化合物，清凉解暑"
    },
    {
      "id":4,
      "img":"../../assets/a-4.png",
      "title":"卤肉夹馍",
      "subtitle":"富含氨基酸，提高免疫力"
    },
    {
      "id":5,
      "img":"../../assets/a-5.png",
      "title":"西瓜冰粥",
      "subtitle":"富含氨基酸，解暑生津"
    },
    {
      "id":6,
      "img":"../../assets/a-6.png",
      "title":"哈密瓜雪糕",
      "subtitle":"生津止渴，补充维生素"
    }

  ]
}
